"City","Hotel","ArabicName","Stars","DataImage","MediaImage","Source","ImageVerified","MediaRecord","Issues"
"شرم الشيخ","Rehana Royal","ريحانه رويال","5","https://s.joinup.lv/uploads/hotel/26800/gallery/original/Rehana-Royal-Beach-Spa_18-min.jpg","https://s.joinup.lv/uploads/hotel/26800/gallery/original/Rehana-Royal-Beach-Spa_18-min.jpg","https://www.rehanaresorts.com/rehanaroyal","True","True",""
"شرم الشيخ","Rehana Resort","ريحانه ريزورت","4","https://www.ua.kayak.com/rimg/himg/33/10/05/expediav2-311295-300b60-941654.jpg?crop=true&height=607&width=836","https://www.ua.kayak.com/rimg/himg/33/10/05/expediav2-311295-300b60-941654.jpg?crop=true&height=607&width=836","https://www.rehanaresorts.com/rehanasharmresort-gallery","True","True",""
"شرم الشيخ","Regency Plaza Aqua Park","ريجنسي بلازا أكوا بارك","5","https://regency-plaza-aqua-park-and-spa-resort.hotel-sharm-el-sheikh.com/data/Photos/700x500w/17427/1742742/1742742027.JPEG","https://regency-plaza-aqua-park-and-spa-resort.hotel-sharm-el-sheikh.com/data/Photos/700x500w/17427/1742742/1742742027.JPEG","https://regency-plaza-aqua-park-and-spa-resort.hotel-sharm-el-sheikh.com/en/","True","True",""
"شرم الشيخ","Royal Regency Club","رويال ريجنسي كلوب","5","https://alida.lv/image/media/l/sharm-el-sheikh-royal-regency-club-3.jpg?format=webp&width=1024","https://alida.lv/image/media/l/sharm-el-sheikh-royal-regency-club-3.jpg?format=webp&width=1024","https://alida.lv/hotel/sharm-el-sheikh/royal-regency-club","True","True",""
"شرم الشيخ","Romance Regency Club Adults Only 16+","رومانس ريجنسي كلوب للبالغين +16","5","https://cdn.alida.lv/storage/app/public/processed/webp/1024/media/l/romance-regency-club-adults-only-16-_1769944477_13.webp.webp","https://cdn.alida.lv/storage/app/public/processed/webp/1024/media/l/romance-regency-club-adults-only-16-_1769944477_13.webp.webp","https://alida.lv/hotel/sharm-el-sheikh/romance-regency-club-adults-only-16-","True","True",""
"شرم الشيخ","Amwaj Oyoun","أمواج عيون","4","https://cdn.karpaten.ro/media/cache/big_image_slider/images/hotel/19817/s3-amwaj-oyoun-resort-casino-722007.jpg","https://cdn.karpaten.ro/media/cache/big_image_slider/images/hotel/19817/s3-amwaj-oyoun-resort-casino-722007.jpg","https://amwajoyoun.com/","True","True",""
"شرم الشيخ","Parrotel Aqua Park","باروتيل أكوا بارك","4","https://files.anextour.kz/hotel/egypt/hotel/parrotel-aqua-park-resort-ex-park-inn-by-radi-sharm-el-sheikh/o489088?hotelCode=825","https://files.anextour.kz/hotel/egypt/hotel/parrotel-aqua-park-resort-ex-park-inn-by-radi-sharm-el-sheikh/o489088?hotelCode=825","https://parrotelresorts.com/hotels/parrotel-aquapark-resort.html","True","True",""
"شرم الشيخ","Parrotel Lagoon","باروتيل لاجون","5","https://travelhit.ee/ww/wp-content/uploads/2022/09/Parrotel-Lagoon-Resort-54-powhiiqa0f3mvtkecyl0dglfuwsnoch9gwztv0xa80.jpg","https://travelhit.ee/ww/wp-content/uploads/2022/09/Parrotel-Lagoon-Resort-54-powhiiqa0f3mvtkecyl0dglfuwsnoch9gwztv0xa80.jpg","https://www.parrotelresorts.com/","True","True",""
"شرم الشيخ","Parrotel Beach","باروتيل بيتش","5","https://www.sharm-alshaykh.com/uploads/covers/1561029543.jpg","https://www.sharm-alshaykh.com/uploads/covers/1561029543.jpg","https://www.parrotelresorts.com/hotels/parrotel-beach-resort.html","True","True",""
"شرم الشيخ","Sharm Plaza","شارم بلازا","5","https://www.westexpress.lt/travels/sarm-el-seichas/476580968.jpg","https://www.westexpress.lt/travels/sarm-el-seichas/476580968.jpg","https://redseahotels.com/resorts/sharm-el-sheikh/sharm-plaza/","True","True",""
"شرم الشيخ","Swiss Heaven Sharming Inn","سويس هيفن شارمينج إن","4","https://q-xx.bstatic.com/xdata/images/hotel/840x460/648204917.jpg?k=341d4f0df227889125c604dad72e46694880e429cfd3c09af7eb16ae697c2075&o=","https://q-xx.bstatic.com/xdata/images/hotel/840x460/648204917.jpg?k=341d4f0df227889125c604dad72e46694880e429cfd3c09af7eb16ae697c2075&o=","https://swissheavenhotels.com/","True","True",""
"شرم الشيخ","Royal Naama","رويال نعمة","3","https://calypsotour.com/assets/components/phpthumbof/cache/_06f88dcf06c679d740983e3656f0ac2a.1dcaa8e45abb27ee736df360933f4c5e.jpg","https://calypsotour.com/assets/components/phpthumbof/cache/_06f88dcf06c679d740983e3656f0ac2a.1dcaa8e45abb27ee736df360933f4c5e.jpg","https://www.royalnamaabayresort.com/","True","True",""
"شرم الشيخ","Viva Sharm","","3","https://viva-sharm.redseahotelsegypt.com/data/Pictures/1920x1080w/4494/449452/449452125/picture-sharm-el-sheikh-viva-sharm-1.JPEG","","","False","True","NO_ARABIC_NAME;NO_MEDIA_IMAGE;NO_SOURCE;IMAGE_NOT_VERIFIED"
"شرم الشيخ","Sharm Holiday Resort","","4","https://images.trvl-media.com/lodging/2000000/1360000/1355800/1355760/46582c46.jpg?impolicy=resizecrop&ra=fit&rw=598","","","False","True","NO_ARABIC_NAME;NO_MEDIA_IMAGE;NO_SOURCE;IMAGE_NOT_VERIFIED"
"شرم الشيخ","Panorama Naama Heights","","4","https://dynamic-media-cdn.tripadvisor.com/media/photo-o/03/b5/6e/b0/panorama-naama-heights.jpg?h=500&s=1&w=900","","","False","True","NO_ARABIC_NAME;NO_MEDIA_IMAGE;NO_SOURCE;IMAGE_NOT_VERIFIED"
"شرم الشيخ","Queen Sharm Aqua Park","","4","https://dynamic-media-cdn.tripadvisor.com/media/photo-o/24/ca/67/d9/queen-sharm-resort.jpg?h=500&s=1&w=900","","","False","True","NO_ARABIC_NAME;NO_MEDIA_IMAGE;NO_SOURCE;IMAGE_NOT_VERIFIED"
"شرم الشيخ","Dreams Vacation Resort","","4","","","","False","True","NO_ARABIC_NAME;NO_IMAGE;NO_MEDIA_IMAGE;NO_SOURCE;IMAGE_NOT_VERIFIED"
"شرم الشيخ","Dreams Beach","","5","","","","False","True","NO_ARABIC_NAME;NO_IMAGE;NO_MEDIA_IMAGE;NO_SOURCE;IMAGE_NOT_VERIFIED"
"شرم الشيخ","Gafy Resort Aqua Park","","4","https://q-xx.bstatic.com/xdata/images/hotel/max1024x768/404919135.jpg?k=1a4be367958be0d1f29820c894e5ab83d9002e5deae4f1575ca880689b25edf4&o=","","","False","True","NO_ARABIC_NAME;NO_MEDIA_IMAGE;NO_SOURCE;IMAGE_NOT_VERIFIED"
"شرم الشيخ","Eden Rock","",,"","","","False","True","NO_ARABIC_NAME;NO_STARS;NO_IMAGE;NO_MEDIA_IMAGE;NO_SOURCE;IMAGE_NOT_VERIFIED"
"شرم الشيخ","Viking Club","",,"","","","False","True","NO_ARABIC_NAME;NO_STARS;NO_IMAGE;NO_MEDIA_IMAGE;NO_SOURCE;IMAGE_NOT_VERIFIED"
"شرم الشيخ","Old Vic","",,"","","","False","True","NO_ARABIC_NAME;NO_STARS;NO_IMAGE;NO_MEDIA_IMAGE;NO_SOURCE;IMAGE_NOT_VERIFIED"
"شرم الشيخ","Continental Plaza","",,"","","","False","True","NO_ARABIC_NAME;NO_STARS;NO_IMAGE;NO_MEDIA_IMAGE;NO_SOURCE;IMAGE_NOT_VERIFIED"
"شرم الشيخ","Hollywood Palma de Sharm","",,"","","","False","True","NO_ARABIC_NAME;NO_STARS;NO_IMAGE;NO_MEDIA_IMAGE;NO_SOURCE;IMAGE_NOT_VERIFIED"
"شرم الشيخ","Renaissance Golden View Beach","",,"","","","False","True","NO_ARABIC_NAME;NO_STARS;NO_IMAGE;NO_MEDIA_IMAGE;NO_SOURCE;IMAGE_NOT_VERIFIED"
"شرم الشيخ","Stella Di Mare","",,"","","","False","True","NO_ARABIC_NAME;NO_STARS;NO_IMAGE;NO_MEDIA_IMAGE;NO_SOURCE;IMAGE_NOT_VERIFIED"
"شرم الشيخ","JAZ Sharm Dreams","","5","https://partner.jazhotels.com/Images/uploads/gallery/photos/jazsharmdreams/Hotel-Overview-20185184.jpg","","","False","True","NO_ARABIC_NAME;NO_MEDIA_IMAGE;NO_SOURCE;IMAGE_NOT_VERIFIED"
"شرم الشيخ","JAZ Fayrouz","","4","https://cf.bstatic.com/xdata/images/hotel/max1024x768/804224177.jpg?k=5581bc4b6b0b23ac59297c8c521f212c17f160f5d261c75e53056b840e5e9ed3&o=","","","False","True","NO_ARABIC_NAME;NO_MEDIA_IMAGE;NO_SOURCE;IMAGE_NOT_VERIFIED"
"شرم الشيخ","JAZ Mirabel Beach","","5","https://partner.jazhotels.com/Images/uploads/gallery/photos/jazmirabelbeach/Blue-Pool-Bar-20185216.jpg","","","False","True","NO_ARABIC_NAME;NO_MEDIA_IMAGE;NO_SOURCE;IMAGE_NOT_VERIFIED"
"شرم الشيخ","JAZ Mirabel Park & Club","","5","https://img.directbooking.ro/getimage.ashx?file=fa003536-d8b4-4d42-b93b-1bf2e5e28ae2.jpg&h=660&w=880","","","False","True","NO_ARABIC_NAME;NO_MEDIA_IMAGE;NO_SOURCE;IMAGE_NOT_VERIFIED"
"شرم الشيخ","Charmillion Club Resort","",,"","","","False","True","NO_ARABIC_NAME;NO_STARS;NO_IMAGE;NO_MEDIA_IMAGE;NO_SOURCE;IMAGE_NOT_VERIFIED"
"شرم الشيخ","Charmillion Sea Life","",,"","","","False","True","NO_ARABIC_NAME;NO_STARS;NO_IMAGE;NO_MEDIA_IMAGE;NO_SOURCE;IMAGE_NOT_VERIFIED"
"شرم الشيخ","Charmillion Gardens","",,"","","","False","True","NO_ARABIC_NAME;NO_STARS;NO_IMAGE;NO_MEDIA_IMAGE;NO_SOURCE;IMAGE_NOT_VERIFIED"
"شرم الشيخ","Sheraton Sharm Hotel, Resort, Villas & Spa","","5","","","https://www.marriott.com/en-us/hotels/sshsi-sheraton-sharm-hotel-resort-villas-and-spa/overview/","False","True","NO_ARABIC_NAME;NO_IMAGE;NO_MEDIA_IMAGE;IMAGE_NOT_VERIFIED"
"شرم الشيخ","Rixos Sharm El Sheikh","","5","","","","False","True","NO_ARABIC_NAME;NO_IMAGE;NO_MEDIA_IMAGE;NO_SOURCE;IMAGE_NOT_VERIFIED"
"شرم الشيخ","Rixos Premium Seagate","","5","","","","False","True","NO_ARABIC_NAME;NO_IMAGE;NO_MEDIA_IMAGE;NO_SOURCE;IMAGE_NOT_VERIFIED"
"الغردقة","Stella Gardens","","4","hotel-images/الغردقه-001.jpg","hotel-images/الغردقه-001.jpg","","False","True","NO_ARABIC_NAME;NO_SOURCE;IMAGE_NOT_VERIFIED"
"الغردقة","Stella Beach","","5","hotel-images/الغردقه-002.jpg","hotel-images/الغردقه-002.jpg","","False","True","NO_ARABIC_NAME;NO_SOURCE;IMAGE_NOT_VERIFIED"
"الغردقة","Jasmine Palace","","5","hotel-images/الغردقه-003.jpg","hotel-images/الغردقه-003.jpg","","False","True","NO_ARABIC_NAME;NO_SOURCE;IMAGE_NOT_VERIFIED"
"الغردقة","Amwaj Abu Soma","","4","hotel-images/الغردقه-004.jpg","hotel-images/الغردقه-004.jpg","","False","True","NO_ARABIC_NAME;NO_SOURCE;IMAGE_NOT_VERIFIED"
"الغردقة","Caribbean World","","5","hotel-images/الغردقه-005.jpg","hotel-images/الغردقه-005.jpg","","False","True","NO_ARABIC_NAME;NO_SOURCE;IMAGE_NOT_VERIFIED"
"الغردقة","AMC Royal","","5","hotel-images/الغردقه-006.jpg","hotel-images/الغردقه-006.jpg","","False","True","NO_ARABIC_NAME;NO_SOURCE;IMAGE_NOT_VERIFIED"
"الغردقة","Amarina Abu Soma","","5","hotel-images/الغردقه-007.jpg","hotel-images/الغردقه-007.jpg","","False","True","NO_ARABIC_NAME;NO_SOURCE;IMAGE_NOT_VERIFIED"
"الغردقة","Coral Sun Beach Resort - Safaga","","4","hotel-images/الغردقه-008.jpg","hotel-images/الغردقه-008.jpg","","False","True","NO_ARABIC_NAME;NO_SOURCE;IMAGE_NOT_VERIFIED"
"الغردقة","Magic Beach","","4","hotel-images/الغردقه-009.jpg","hotel-images/الغردقه-009.jpg","","False","True","NO_ARABIC_NAME;NO_SOURCE;IMAGE_NOT_VERIFIED"
"الغردقة","Elysees Hotel by AMARINA Hotels & Resorts","","4","hotel-images/الغردقه-010.jpg","hotel-images/الغردقه-010.jpg","","False","True","NO_ARABIC_NAME;NO_SOURCE;IMAGE_NOT_VERIFIED"
"الغردقة","Giftun Azur Resort","","3","hotel-images/الغردقه-011.jpg","hotel-images/الغردقه-011.jpg","","False","True","NO_ARABIC_NAME;NO_SOURCE;IMAGE_NOT_VERIFIED"
"الغردقة","Sheraton Soma Bay","","5","hotel-images/الغردقه-012.jpg","hotel-images/الغردقه-012.jpg","","False","True","NO_ARABIC_NAME;NO_SOURCE;IMAGE_NOT_VERIFIED"
"الغردقة","Mövenpick Resort Soma Bay","","5","hotel-images/الغردقه-013.jpg","hotel-images/الغردقه-013.jpg","","False","True","NO_ARABIC_NAME;NO_SOURCE;IMAGE_NOT_VERIFIED"
"الغردقة","Mirage Bay Resort & Aqua Park","","4","hotel-images/الغردقه-014.jpg","hotel-images/الغردقه-014.jpg","","False","True","NO_ARABIC_NAME;NO_SOURCE;IMAGE_NOT_VERIFIED"
"الغردقة","Lemon & Soul","","3","hotel-images/الغردقه-015.jpg","hotel-images/الغردقه-015.jpg","","False","True","NO_ARABIC_NAME;NO_SOURCE;IMAGE_NOT_VERIFIED"
"الغردقة","Seven Seas","","5","hotel-images/الغردقه-016.jpg","hotel-images/الغردقه-016.jpg","","False","True","NO_ARABIC_NAME;NO_SOURCE;IMAGE_NOT_VERIFIED"
"الغردقة","Moon Beach","",,"hotel-images/الغردقه-017.jpg","hotel-images/الغردقه-017.jpg","","False","True","NO_ARABIC_NAME;NO_STARS;NO_SOURCE;IMAGE_NOT_VERIFIED"
"الغردقة","Gravity Hurghada Aqua Park","",,"hotel-images/الغردقه-018.jpg","hotel-images/الغردقه-018.jpg","","False","True","NO_ARABIC_NAME;NO_STARS;NO_SOURCE;IMAGE_NOT_VERIFIED"
"الغردقة","Seagull","",,"hotel-images/الغردقه-019.jpg","hotel-images/الغردقه-019.jpg","","False","True","NO_ARABIC_NAME;NO_STARS;NO_SOURCE;IMAGE_NOT_VERIFIED"
"الغردقة","Sunny Days El Palacio","",,"hotel-images/الغردقه-020.jpg","hotel-images/الغردقه-020.jpg","","False","True","NO_ARABIC_NAME;NO_STARS;NO_SOURCE;IMAGE_NOT_VERIFIED"
"الغردقة","Marlin Inn","",,"hotel-images/الغردقه-021.jpg","hotel-images/الغردقه-021.jpg","","False","True","NO_ARABIC_NAME;NO_STARS;NO_SOURCE;IMAGE_NOT_VERIFIED"
"الغردقة","Al Basha","",,"hotel-images/الغردقه-022.jpg","hotel-images/الغردقه-022.jpg","","False","True","NO_ARABIC_NAME;NO_STARS;NO_SOURCE;IMAGE_NOT_VERIFIED"
"الغردقة","Panorama Bungalows El Gouna","",,"hotel-images/الغردقه-023.jpg","hotel-images/الغردقه-023.jpg","","False","True","NO_ARABIC_NAME;NO_STARS;NO_SOURCE;IMAGE_NOT_VERIFIED"
"الغردقة","Plagio Luxury Resort","",,"hotel-images/الغردقه-024.jpg","hotel-images/الغردقه-024.jpg","","False","True","NO_ARABIC_NAME;NO_STARS;NO_SOURCE;IMAGE_NOT_VERIFIED"
"الغردقة","Gravity Sahl Hasheesh","",,"hotel-images/الغردقه-025.jpg","hotel-images/الغردقه-025.jpg","","False","True","NO_ARABIC_NAME;NO_STARS;NO_SOURCE;IMAGE_NOT_VERIFIED"
"الغردقة","The V Sahl Hasheesh","",,"hotel-images/الغردقه-026.jpg","hotel-images/الغردقه-026.jpg","","False","True","NO_ARABIC_NAME;NO_STARS;NO_SOURCE;IMAGE_NOT_VERIFIED"
"الغردقة","Sentido Caribbean World Soma Bay","",,"hotel-images/الغردقه-027.jpg","hotel-images/الغردقه-027.jpg","","False","True","NO_ARABIC_NAME;NO_STARS;NO_SOURCE;IMAGE_NOT_VERIFIED"
"الغردقة","Titanic Resort","",,"hotel-images/الغردقه-028.jpg","hotel-images/الغردقه-028.jpg","","False","True","NO_ARABIC_NAME;NO_STARS;NO_SOURCE;IMAGE_NOT_VERIFIED"
"الغردقة","Titanic Beach","",,"hotel-images/الغردقه-029.jpg","hotel-images/الغردقه-029.jpg","","False","True","NO_ARABIC_NAME;NO_STARS;NO_SOURCE;IMAGE_NOT_VERIFIED"
"الغردقة","Titanic Palace","",,"hotel-images/الغردقه-030.jpg","hotel-images/الغردقه-030.jpg","","False","True","NO_ARABIC_NAME;NO_STARS;NO_SOURCE;IMAGE_NOT_VERIFIED"
"الغردقة","Titanic Royal","",,"hotel-images/الغردقه-031.jpg","hotel-images/الغردقه-031.jpg","","False","True","NO_ARABIC_NAME;NO_STARS;NO_SOURCE;IMAGE_NOT_VERIFIED"
"الغردقة","Dixon Roma","",,"hotel-images/الغردقه-032.jpg","hotel-images/الغردقه-032.jpg","","False","True","NO_ARABIC_NAME;NO_STARS;NO_SOURCE;IMAGE_NOT_VERIFIED"
"الغردقة","Karma Beach","",,"hotel-images/الغردقه-033.jpg","hotel-images/الغردقه-033.jpg","","False","True","NO_ARABIC_NAME;NO_STARS;NO_SOURCE;IMAGE_NOT_VERIFIED"
"الغردقة","Fanadir Bay Luxury Aqua Park","",,"hotel-images/الغردقه-034.jpg","hotel-images/الغردقه-034.jpg","","False","True","NO_ARABIC_NAME;NO_STARS;NO_SOURCE;IMAGE_NOT_VERIFIED"
"الغردقة","Amwaj Beach Abu Soma","",,"hotel-images/الغردقه-035.jpg","hotel-images/الغردقه-035.jpg","","False","True","NO_ARABIC_NAME;NO_STARS;NO_SOURCE;IMAGE_NOT_VERIFIED"
"الغردقة","Imperial Shams","",,"hotel-images/الغردقه-036.jpg","hotel-images/الغردقه-036.jpg","","False","True","NO_ARABIC_NAME;NO_STARS;NO_SOURCE;IMAGE_NOT_VERIFIED"
"الغردقة","Royal Lagoons","",,"hotel-images/الغردقه-037.jpg","hotel-images/الغردقه-037.jpg","","False","True","NO_ARABIC_NAME;NO_STARS;NO_SOURCE;IMAGE_NOT_VERIFIED"
"الغردقة","Xanadu Makadi Bay","",,"hotel-images/الغردقه-038.jpg","hotel-images/الغردقه-038.jpg","","False","True","NO_ARABIC_NAME;NO_STARS;NO_SOURCE;IMAGE_NOT_VERIFIED"
"الغردقة","راويه ان","","5","hotel-images/الغردقه-039.jpg","hotel-images/الغردقه-039.jpg","","False","True","NO_ARABIC_NAME;NO_SOURCE;IMAGE_NOT_VERIFIED"
"الغردقة","Sheraton Miramar Resort El Gouna","","5","hotel-images/الغردقه-040.jpg","hotel-images/الغردقه-040.jpg","https://www.marriott.com/en-us/hotels/hrgsi-sheraton-miramar-resort-el-gouna/overview/","False","True","NO_ARABIC_NAME;IMAGE_NOT_VERIFIED"
"الغردقة","Sheraton Soma Bay Resort","","5","hotel-images/الغردقه-041.jpg","hotel-images/الغردقه-041.jpg","https://www.marriott.com/en-us/hotels/hrgss-sheraton-soma-bay-resort/overview/","False","True","NO_ARABIC_NAME;IMAGE_NOT_VERIFIED"
"الغردقة","Hilton Hurghada Plaza","","5","hotel-images/الغردقه-042.jpg","hotel-images/الغردقه-042.jpg","https://www.hilton.com/en/locations/egypt/resorts/hilton-hotels/","False","True","NO_ARABIC_NAME;IMAGE_NOT_VERIFIED"
"الغردقة","DoubleTree by Hilton Mangroovy El Gouna Resort","","5","hotel-images/الغردقه-043.jpg","hotel-images/الغردقه-043.jpg","","False","True","NO_ARABIC_NAME;NO_SOURCE;IMAGE_NOT_VERIFIED"
"دهب","Ecotel Dahab Bay","","4","hotel-images/دهب-001.jpg","hotel-images/دهب-001.jpg","","False","True","NO_ARABIC_NAME;NO_SOURCE;IMAGE_NOT_VERIFIED"
"دهب","Dahab Lagoon","دهب لاجون","4","hotel-images/دهب-002.jpg","hotel-images/دهب-002.jpg","Booking.com property photo","False","True","IMAGE_NOT_VERIFIED"
"دهب","Safir Dahab","سفير دهب","5","hotel-images/دهب-003.jpg","hotel-images/دهب-003.jpg","Safir Dahab Resort photo result","False","True","IMAGE_NOT_VERIFIED"
"دهب","Tropitel Dahab","","4","hotel-images/دهب-004.jpg","hotel-images/دهب-004.jpg","Amimir property photo","False","True","NO_ARABIC_NAME;IMAGE_NOT_VERIFIED"
"دهب","Retac Qunay","","5","hotel-images/دهب-005.jpg","hotel-images/دهب-005.jpg","","False","True","NO_ARABIC_NAME;NO_SOURCE;IMAGE_NOT_VERIFIED"
"دهب","Panda Dahab","","3","hotel-images/دهب-006.jpg","hotel-images/دهب-006.jpg","","False","True","NO_ARABIC_NAME;NO_SOURCE;IMAGE_NOT_VERIFIED"
"دهب","Green Valley Hotel","",,"hotel-images/دهب-007.jpg","hotel-images/دهب-007.jpg","","False","True","NO_ARABIC_NAME;NO_STARS;NO_SOURCE;IMAGE_NOT_VERIFIED"
"دهب","Miami Hotel","",,"hotel-images/دهب-008.jpg","hotel-images/دهب-008.jpg","","False","True","NO_ARABIC_NAME;NO_STARS;NO_SOURCE;IMAGE_NOT_VERIFIED"
"دهب","Sea View Dahab","",,"hotel-images/دهب-009.jpg","hotel-images/دهب-009.jpg","","False","True","NO_ARABIC_NAME;NO_STARS;NO_SOURCE;IMAGE_NOT_VERIFIED"
"دهب","Actibus Hotel","",,"hotel-images/دهب-010.jpg","hotel-images/دهب-010.jpg","","False","True","NO_ARABIC_NAME;NO_STARS;NO_SOURCE;IMAGE_NOT_VERIFIED"
"دهب","Happy Life","",,"hotel-images/دهب-011.jpg","hotel-images/دهب-011.jpg","","False","True","NO_ARABIC_NAME;NO_STARS;NO_SOURCE;IMAGE_NOT_VERIFIED"
"دهب","Swiss Inn Dahab Resort","",,"hotel-images/دهب-012.jpg","hotel-images/دهب-012.jpg","Live the World property photo","False","True","NO_ARABIC_NAME;NO_STARS;IMAGE_NOT_VERIFIED"
"مرسى علم","Marina Radisson Port Ghalib","","5","hotel-images/مرسي-علم-001.jpg","hotel-images/مرسي-علم-001.jpg","","False","True","NO_ARABIC_NAME;NO_SOURCE;IMAGE_NOT_VERIFIED"
"مرسى علم","Marina Lodge Port Ghalib","",,"hotel-images/مرسي-علم-002.jpg","hotel-images/مرسي-علم-002.jpg","","False","True","NO_ARABIC_NAME;NO_STARS;NO_SOURCE;IMAGE_NOT_VERIFIED"
"مرسى علم","Casa Mare Resort Marsa Alam","","5","hotel-images/مرسي-علم-003.jpg","hotel-images/مرسي-علم-003.jpg","","False","True","NO_ARABIC_NAME;NO_SOURCE;IMAGE_NOT_VERIFIED"
"مرسى علم","Casa Blue Luxury Resort","","5","hotel-images/مرسي-علم-004.jpg","hotel-images/مرسي-علم-004.jpg","","False","True","NO_ARABIC_NAME;NO_SOURCE;IMAGE_NOT_VERIFIED"
"مرسى علم","Sataya Resort Marsa Alam","","5","hotel-images/مرسي-علم-005.jpg","hotel-images/مرسي-علم-005.jpg","","False","True","NO_ARABIC_NAME;NO_SOURCE;IMAGE_NOT_VERIFIED"
"مرسى علم","Amarina Jannah Heights","","5","hotel-images/مرسي-علم-006.jpg","hotel-images/مرسي-علم-006.jpg","","False","True","NO_ARABIC_NAME;NO_SOURCE;IMAGE_NOT_VERIFIED"
"مرسى علم","Amarina Jannah Resort","","5","hotel-images/مرسي-علم-007.jpg","hotel-images/مرسي-علم-007.jpg","","False","True","NO_ARABIC_NAME;NO_SOURCE;IMAGE_NOT_VERIFIED"
"مرسى علم","Amarina Queen Resort","","5","hotel-images/مرسي-علم-008.jpg","hotel-images/مرسي-علم-008.jpg","","False","True","NO_ARABIC_NAME;NO_SOURCE;IMAGE_NOT_VERIFIED"
"مرسى علم","Concorde Moreen Beach Resort","","5","hotel-images/مرسي-علم-009.jpg","hotel-images/مرسي-علم-009.jpg","","False","True","NO_ARABIC_NAME;NO_SOURCE;IMAGE_NOT_VERIFIED"
"مرسى علم","Lazuli Hotel Marsa Alam","","5","hotel-images/مرسي-علم-010.jpg","hotel-images/مرسي-علم-010.jpg","","False","True","NO_ARABIC_NAME;NO_SOURCE;IMAGE_NOT_VERIFIED"
"مرسى علم","Protels Crystal","",,"hotel-images/مرسي-علم-011.jpg","hotel-images/مرسي-علم-011.jpg","","False","True","NO_ARABIC_NAME;NO_STARS;NO_SOURCE;IMAGE_NOT_VERIFIED"
"مرسى علم","Fantazya Resort","",,"hotel-images/مرسي-علم-012.jpg","hotel-images/مرسي-علم-012.jpg","","False","True","NO_ARABIC_NAME;NO_STARS;NO_SOURCE;IMAGE_NOT_VERIFIED"
"مرسى علم","Sirena Beach Resort","",,"hotel-images/مرسي-علم-013.jpg","hotel-images/مرسي-علم-013.jpg","","False","True","NO_ARABIC_NAME;NO_STARS;NO_SOURCE;IMAGE_NOT_VERIFIED"
"مرسى علم","Sentido Akassia Beach","",,"hotel-images/مرسي-علم-014.jpg","hotel-images/مرسي-علم-014.jpg","","False","True","NO_ARABIC_NAME;NO_STARS;NO_SOURCE;IMAGE_NOT_VERIFIED"
"مرسى علم","The Corners Happy Life","",,"hotel-images/مرسي-علم-015.jpg","hotel-images/مرسي-علم-015.jpg","","False","True","NO_ARABIC_NAME;NO_STARS;NO_SOURCE;IMAGE_NOT_VERIFIED"
"مرسى علم","Diamond Beach Adults Only +12","",,"hotel-images/مرسي-علم-016.jpg","hotel-images/مرسي-علم-016.jpg","","False","True","NO_ARABIC_NAME;NO_STARS;NO_SOURCE;IMAGE_NOT_VERIFIED"
"مرسى علم","MG Alexander the Great","",,"hotel-images/مرسي-علم-017.jpg","hotel-images/مرسي-علم-017.jpg","","False","True","NO_ARABIC_NAME;NO_STARS;NO_SOURCE;IMAGE_NOT_VERIFIED"
"مرسى علم","Bliss Nada Resort","",,"hotel-images/مرسي-علم-018.jpg","hotel-images/مرسي-علم-018.jpg","","False","True","NO_ARABIC_NAME;NO_STARS;NO_SOURCE;IMAGE_NOT_VERIFIED"
"مرسى علم","Albatros Sea World Resort Marsa Alam","",,"hotel-images/مرسي-علم-019.jpg","hotel-images/مرسي-علم-019.jpg","","False","True","NO_ARABIC_NAME;NO_STARS;NO_SOURCE;IMAGE_NOT_VERIFIED"
"مرسى علم","The Palace Port Ghalib","",,"hotel-images/مرسي-علم-020.jpg","hotel-images/مرسي-علم-020.jpg","","False","True","NO_ARABIC_NAME;NO_STARS;NO_SOURCE;IMAGE_NOT_VERIFIED"
"مرسى علم","Albatros Oasis","",,"hotel-images/مرسي-علم-021.jpg","hotel-images/مرسي-علم-021.jpg","","False","True","NO_ARABIC_NAME;NO_STARS;NO_SOURCE;IMAGE_NOT_VERIFIED"
"مرسى علم","Sands Port Ghalib","",,"hotel-images/مرسي-علم-022.jpg","hotel-images/مرسي-علم-022.jpg","","False","True","NO_ARABIC_NAME;NO_STARS;NO_SOURCE;IMAGE_NOT_VERIFIED"
"مرسى علم","Pickalbatros Villaggio","",,"hotel-images/مرسي-علم-023.jpg","hotel-images/مرسي-علم-023.jpg","","False","True","NO_ARABIC_NAME;NO_STARS;NO_SOURCE;IMAGE_NOT_VERIFIED"
"مرسى علم","Pickalbatros Vita Resort Portofino","",,"hotel-images/مرسي-علم-024.jpg","hotel-images/مرسي-علم-024.jpg","","False","True","NO_ARABIC_NAME;NO_STARS;NO_SOURCE;IMAGE_NOT_VERIFIED"
"مرسى علم","Hilton Marsa Alam Nubian Resort","","5","hotel-images/مرسي-علم-025.jpg","hotel-images/مرسي-علم-025.jpg","https://www.hilton.com/en/hotels/rmfhihi-hilton-marsa-alam-nubian-resort/","False","True","NO_ARABIC_NAME;IMAGE_NOT_VERIFIED"
"العين السخنة","Stella Golf Hotel","","5","hotel-images/العين-السخنه-001.jpg","hotel-images/العين-السخنه-001.jpg","","False","True","NO_ARABIC_NAME;NO_SOURCE;IMAGE_NOT_VERIFIED"
"العين السخنة","Stella Sea Club Hotel","","4","hotel-images/العين-السخنه-002.jpg","hotel-images/العين-السخنه-002.jpg","","False","True","NO_ARABIC_NAME;NO_SOURCE;IMAGE_NOT_VERIFIED"
"العين السخنة","Miral Hotel Ain El Sokhna","","4","hotel-images/العين-السخنه-003.jpg","hotel-images/العين-السخنه-003.jpg","","False","True","NO_ARABIC_NAME;NO_SOURCE;IMAGE_NOT_VERIFIED"
"العين السخنة","Tolip Resort El Galala Hills","","5","hotel-images/العين-السخنه-004.jpg","hotel-images/العين-السخنه-004.jpg","","False","True","NO_ARABIC_NAME;NO_SOURCE;IMAGE_NOT_VERIFIED"
"العين السخنة","Tolip Resort El Galala Majestic","","5","hotel-images/العين-السخنه-005.jpg","hotel-images/العين-السخنه-005.jpg","","False","True","NO_ARABIC_NAME;NO_SOURCE;IMAGE_NOT_VERIFIED"
"العين السخنة","Tolip Resort El Galala Heights","","5","hotel-images/العين-السخنه-006.jpg","hotel-images/العين-السخنه-006.jpg","","False","True","NO_ARABIC_NAME;NO_SOURCE;IMAGE_NOT_VERIFIED"
"العين السخنة","Al Fanar De Luna","","3","hotel-images/العين-السخنه-007.jpg","hotel-images/العين-السخنه-007.jpg","","False","True","NO_ARABIC_NAME;NO_SOURCE;IMAGE_NOT_VERIFIED"
"العين السخنة","La Rosa Empire","","3","hotel-images/العين-السخنه-008.jpg","hotel-images/العين-السخنه-008.jpg","","False","True","NO_ARABIC_NAME;NO_SOURCE;IMAGE_NOT_VERIFIED"
"العين السخنة","Al Wadi Aqua Park","","4","hotel-images/العين-السخنه-009.jpg","hotel-images/العين-السخنه-009.jpg","","False","True","NO_ARABIC_NAME;NO_SOURCE;IMAGE_NOT_VERIFIED"
"العين السخنة","Retal View Aqua Park","","4","hotel-images/العين-السخنه-010.jpg","hotel-images/العين-السخنه-010.jpg","","False","True","NO_ARABIC_NAME;NO_SOURCE;IMAGE_NOT_VERIFIED"
"العين السخنة","Dom Marina","","4","hotel-images/العين-السخنه-011.jpg","hotel-images/العين-السخنه-011.jpg","","False","True","NO_ARABIC_NAME;NO_SOURCE;IMAGE_NOT_VERIFIED"
"العين السخنة","Palmira","","4","hotel-images/العين-السخنه-012.jpg","hotel-images/العين-السخنه-012.jpg","","False","True","NO_ARABIC_NAME;NO_SOURCE;IMAGE_NOT_VERIFIED"
"العين السخنة","Teda Swiss Inn","","4","hotel-images/العين-السخنه-013.jpg","hotel-images/العين-السخنه-013.jpg","","False","True","NO_ARABIC_NAME;NO_SOURCE;IMAGE_NOT_VERIFIED"
"العين السخنة","Blumar El Dome","","4","hotel-images/العين-السخنه-014.jpg","hotel-images/العين-السخنه-014.jpg","","False","True","NO_ARABIC_NAME;NO_SOURCE;IMAGE_NOT_VERIFIED"
"العين السخنة","Marina Wadi Degla","","4","hotel-images/العين-السخنه-015.jpg","hotel-images/العين-السخنه-015.jpg","","False","True","NO_ARABIC_NAME;NO_SOURCE;IMAGE_NOT_VERIFIED"
"العين السخنة","Stella Grand","","5","hotel-images/العين-السخنه-016.jpg","hotel-images/العين-السخنه-016.jpg","","False","True","NO_ARABIC_NAME;NO_SOURCE;IMAGE_NOT_VERIFIED"
"العين السخنة","Cancun Sokhna Resort","","5","hotel-images/العين-السخنه-017.jpg","hotel-images/العين-السخنه-017.jpg","","False","True","NO_ARABIC_NAME;NO_SOURCE;IMAGE_NOT_VERIFIED"
"العين السخنة","Elite Residence & Seaville","","5","hotel-images/العين-السخنه-018.jpg","hotel-images/العين-السخنه-018.jpg","","False","True","NO_ARABIC_NAME;NO_SOURCE;IMAGE_NOT_VERIFIED"
"العين السخنة","Coral Sea","",,"hotel-images/العين-السخنه-019.jpg","hotel-images/العين-السخنه-019.jpg","","False","True","NO_ARABIC_NAME;NO_STARS;NO_SOURCE;IMAGE_NOT_VERIFIED"
"العين السخنة","Galala Aqua Park","",,"","","","False","True","NO_ARABIC_NAME;NO_STARS;NO_IMAGE;NO_MEDIA_IMAGE;NO_SOURCE;IMAGE_NOT_VERIFIED"
"العين السخنة","Galala Heights","",,"","","","False","True","NO_ARABIC_NAME;NO_STARS;NO_IMAGE;NO_MEDIA_IMAGE;NO_SOURCE;IMAGE_NOT_VERIFIED"
"العين السخنة","Grand Ocean","",,"hotel-images/العين-السخنه-022.jpg","hotel-images/العين-السخنه-022.jpg","","False","True","NO_ARABIC_NAME;NO_STARS;NO_SOURCE;IMAGE_NOT_VERIFIED"
"العين السخنة","Porto Sokhna","",,"hotel-images/العين-السخنه-023.jpg","hotel-images/العين-السخنه-023.jpg","","False","True","NO_ARABIC_NAME;NO_STARS;NO_SOURCE;IMAGE_NOT_VERIFIED"
"العين السخنة","JAZ Little Venice Golf Resort","","5","hotel-images/العين-السخنه-024.jpg","hotel-images/العين-السخنه-024.jpg","","False","True","NO_ARABIC_NAME;NO_SOURCE;IMAGE_NOT_VERIFIED"
"العين السخنة","Mövenpick Resort El Sokhna","",,"hotel-images/العين-السخنه-025.jpg","hotel-images/العين-السخنه-025.jpg","","False","True","NO_ARABIC_NAME;NO_STARS;NO_SOURCE;IMAGE_NOT_VERIFIED"
"العين السخنة","Al Masa Hotel El Sokhna","",,"hotel-images/العين-السخنه-026.jpg","hotel-images/العين-السخنه-026.jpg","","False","True","NO_ARABIC_NAME;NO_STARS;NO_SOURCE;IMAGE_NOT_VERIFIED"
"العين السخنة","Tanoak Resort","",,"hotel-images/العين-السخنه-027.jpg","hotel-images/العين-السخنه-027.jpg","","False","True","NO_ARABIC_NAME;NO_STARS;NO_SOURCE;IMAGE_NOT_VERIFIED"
"العين السخنة","The G Einbay Golf Resort","",,"hotel-images/العين-السخنه-028.jpg","hotel-images/العين-السخنه-028.jpg","","False","True","NO_ARABIC_NAME;NO_STARS;NO_SOURCE;IMAGE_NOT_VERIFIED"
"العين السخنة","Kefi Palmera Beach Resort","",,"hotel-images/العين-السخنه-029.jpg","hotel-images/العين-السخنه-029.jpg","","False","True","NO_ARABIC_NAME;NO_STARS;NO_SOURCE;IMAGE_NOT_VERIFIED"
"العين السخنة","Lasirena Beach Hotel - Ain Sokhna","","4","hotel-images/العين-السخنه-030.jpg","hotel-images/العين-السخنه-030.jpg","","False","True","NO_ARABIC_NAME;NO_SOURCE;IMAGE_NOT_VERIFIED"
"طابا","Strand Beach Resort Taba Heights","","5","hotel-images/طابا-001.jpg","hotel-images/طابا-001.jpg","","False","True","NO_ARABIC_NAME;NO_SOURCE;IMAGE_NOT_VERIFIED"
"طابا","Tolip Taba Resort & Spa","","5","hotel-images/طابا-002.jpg","hotel-images/طابا-002.jpg","","False","True","NO_ARABIC_NAME;NO_SOURCE;IMAGE_NOT_VERIFIED"
"طابا","The Bayview Taba Heights Resort","","5","hotel-images/طابا-003.jpg","hotel-images/طابا-003.jpg","","False","True","NO_ARABIC_NAME;NO_SOURCE;IMAGE_NOT_VERIFIED"
"طابا","Steigenberger Hotel & Nelson Village Taba","",,"hotel-images/طابا-004.jpg","hotel-images/طابا-004.jpg","","False","True","NO_ARABIC_NAME;NO_STARS;NO_SOURCE;IMAGE_NOT_VERIFIED"
"طابا","Mövenpick Resort Taba","",,"hotel-images/طابا-005.jpg","hotel-images/طابا-005.jpg","","False","True","NO_ARABIC_NAME;NO_STARS;NO_SOURCE;IMAGE_NOT_VERIFIED"
"طابا","Taba Sands Hotel & Casino","",,"hotel-images/طابا-006.jpg","hotel-images/طابا-006.jpg","","False","True","NO_ARABIC_NAME;NO_STARS;NO_SOURCE;IMAGE_NOT_VERIFIED"
"طابا","La Playa Beach Resort","",,"hotel-images/طابا-007.jpg","hotel-images/طابا-007.jpg","","False","True","NO_ARABIC_NAME;NO_STARS;NO_SOURCE;IMAGE_NOT_VERIFIED"
"طابا","Helnan Taba Hotel","",,"","","","False","True","NO_ARABIC_NAME;NO_STARS;NO_IMAGE;NO_MEDIA_IMAGE;NO_SOURCE;IMAGE_NOT_VERIFIED"
"طابا","Holiday Resort Taba","",,"hotel-images/طابا-009.jpg","hotel-images/طابا-009.jpg","","False","True","NO_ARABIC_NAME;NO_STARS;NO_SOURCE;IMAGE_NOT_VERIFIED"
"طابا","Royal Taba Hotel","",,"","","","False","True","NO_ARABIC_NAME;NO_STARS;NO_IMAGE;NO_MEDIA_IMAGE;NO_SOURCE;IMAGE_NOT_VERIFIED"
"طابا","Taba Hotel / Taba Boutique Hotel","",,"hotel-images/طابا-011.jpg","hotel-images/طابا-011.jpg","","False","True","NO_ARABIC_NAME;NO_STARS;NO_SOURCE;IMAGE_NOT_VERIFIED"
"الساحل الشمالي","TOLIP North Coast Hotel & Resort","","5","https://dynamic-media-cdn.tripadvisor.com/media/photo-o/19/64/d5/05/tolip-north-coast-hotel.jpg?h=500&s=1&w=900","","","False","True","NO_ARABIC_NAME;NO_MEDIA_IMAGE;NO_SOURCE;IMAGE_NOT_VERIFIED"
"الساحل الشمالي","Rixos Premium Alamein","",,"hotel-images/الساحل-الشمالي-002.jpg","hotel-images/الساحل-الشمالي-002.jpg","","False","True","NO_ARABIC_NAME;NO_STARS;NO_SOURCE;IMAGE_NOT_VERIFIED"
"الساحل الشمالي","Crystal Inn Hotel - Alamein","",,"hotel-images/الساحل-الشمالي-003.jpg","hotel-images/الساحل-الشمالي-003.jpg","","False","True","NO_ARABIC_NAME;NO_STARS;NO_SOURCE;IMAGE_NOT_VERIFIED"
"الساحل الشمالي","Rhactus Hotel New Alamein","",,"hotel-images/الساحل-الشمالي-004.jpg","hotel-images/الساحل-الشمالي-004.jpg","","False","True","NO_ARABIC_NAME;NO_STARS;NO_SOURCE;IMAGE_NOT_VERIFIED"
"الساحل الشمالي","M Hotels at Porto Marina","",,"hotel-images/الساحل-الشمالي-005.jpg","hotel-images/الساحل-الشمالي-005.jpg","","False","True","NO_ARABIC_NAME;NO_STARS;NO_SOURCE;IMAGE_NOT_VERIFIED"
"الساحل الشمالي","Tivoli Dome - Marina","",,"hotel-images/الساحل-الشمالي-006.jpg","hotel-images/الساحل-الشمالي-006.jpg","","False","True","NO_ARABIC_NAME;NO_STARS;NO_SOURCE;IMAGE_NOT_VERIFIED"
"الساحل الشمالي","Prime Residence New Alamein","",,"hotel-images/الساحل-الشمالي-007.jpg","hotel-images/الساحل-الشمالي-007.jpg","","False","True","NO_ARABIC_NAME;NO_STARS;NO_SOURCE;IMAGE_NOT_VERIFIED"
"الساحل الشمالي","Florida Hotel North Coast","",,"","","","False","True","NO_ARABIC_NAME;NO_STARS;NO_IMAGE;NO_MEDIA_IMAGE;NO_SOURCE;IMAGE_NOT_VERIFIED"
"الساحل الشمالي","Palma Bay Rotana Resort","",,"hotel-images/الساحل-الشمالي-009.jpg","hotel-images/الساحل-الشمالي-009.jpg","","False","True","NO_ARABIC_NAME;NO_STARS;NO_SOURCE;IMAGE_NOT_VERIFIED"
"الساحل الشمالي","Al Alamein Hotel","",,"hotel-images/الساحل-الشمالي-010.jpg","hotel-images/الساحل-الشمالي-010.jpg","","False","True","NO_ARABIC_NAME;NO_STARS;NO_SOURCE;IMAGE_NOT_VERIFIED"
"الساحل الشمالي","Address Beach Resort Marassi","",,"hotel-images/الساحل-الشمالي-011.jpg","hotel-images/الساحل-الشمالي-011.jpg","","False","True","NO_ARABIC_NAME;NO_STARS;NO_SOURCE;IMAGE_NOT_VERIFIED"
"الساحل الشمالي","Address Golf Resort Marassi","",,"","","","False","True","NO_ARABIC_NAME;NO_STARS;NO_IMAGE;NO_MEDIA_IMAGE;NO_SOURCE;IMAGE_NOT_VERIFIED"
"الساحل الشمالي","Vida Marina Resort Marassi","",,"","","","False","True","NO_ARABIC_NAME;NO_STARS;NO_IMAGE;NO_MEDIA_IMAGE;NO_SOURCE;IMAGE_NOT_VERIFIED"
"الساحل الشمالي","Palace Beach Resort","",,"","","","False","True","NO_ARABIC_NAME;NO_STARS;NO_IMAGE;NO_MEDIA_IMAGE;NO_SOURCE;IMAGE_NOT_VERIFIED"
"الساحل الشمالي","Marassi Boutique Hotel","",,"hotel-images/الساحل-الشمالي-015.jpg","hotel-images/الساحل-الشمالي-015.jpg","","False","True","NO_ARABIC_NAME;NO_STARS;NO_SOURCE;IMAGE_NOT_VERIFIED"
"الساحل الشمالي","Le Sidi Boutique Hotel","",,"","","","False","True","NO_ARABIC_NAME;NO_STARS;NO_IMAGE;NO_MEDIA_IMAGE;NO_SOURCE;IMAGE_NOT_VERIFIED"
"الساحل الشمالي","Casa Cook North Coast - Adults Only","",,"","","","False","True","NO_ARABIC_NAME;NO_STARS;NO_IMAGE;NO_MEDIA_IMAGE;NO_SOURCE;IMAGE_NOT_VERIFIED"
"الساحل الشمالي","JAZ Elite Crystal","",,"","","","False","True","NO_ARABIC_NAME;NO_STARS;NO_IMAGE;NO_MEDIA_IMAGE;NO_SOURCE;IMAGE_NOT_VERIFIED"
"الساحل الشمالي","JAZ Viva Casa Maza","",,"hotel-images/الساحل-الشمالي-019.jpg","hotel-images/الساحل-الشمالي-019.jpg","","False","True","NO_ARABIC_NAME;NO_STARS;NO_SOURCE;IMAGE_NOT_VERIFIED"
"الساحل الشمالي","JAZ Viva Villagio","",,"","","","False","True","NO_ARABIC_NAME;NO_STARS;NO_IMAGE;NO_MEDIA_IMAGE;NO_SOURCE;IMAGE_NOT_VERIFIED"
"الساحل الشمالي","Caesar Bay Resort","",,"hotel-images/الساحل-الشمالي-021.jpg","hotel-images/الساحل-الشمالي-021.jpg","","False","True","NO_ARABIC_NAME;NO_STARS;NO_SOURCE;IMAGE_NOT_VERIFIED"
"الساحل الشمالي","Retal View North Coast / Aqua Park","","4","hotel-images/الساحل-الشمالي-022.jpg","hotel-images/الساحل-الشمالي-022.jpg","","False","True","NO_ARABIC_NAME;NO_SOURCE;IMAGE_NOT_VERIFIED"
"الساحل الشمالي","TIME Marina North Coast","",,"","","","False","True","NO_ARABIC_NAME;NO_STARS;NO_IMAGE;NO_MEDIA_IMAGE;NO_SOURCE;IMAGE_NOT_VERIFIED"
"سيوة","Adrère Amellal Nature Lodge","Adrère Amellal Nature Lodge",,"","https://media.gemini.media/img/original/2017/6/6/2017_6_6_13_36_51_287.jpg","https://www.adrereamellal.com/adrere/","False","True","NO_STARS;NO_IMAGE;IMAGE_NOT_VERIFIED;ARABIC_NAME_MISMATCH"
"سيوة","Albabenshal Heritage Lodge","Albabenshal Heritage Lodge",,"","https://i.pinimg.com/originals/6a/7f/a2/6a7fa28608412a42df27967673d7d867.jpg","https://siwa.com/","False","True","NO_STARS;NO_IMAGE;IMAGE_NOT_VERIFIED;ARABIC_NAME_MISMATCH"
"سيوة","Kenooz Shali Village Lodge","Kenooz Shali Village Lodge",,"hotel-images/سيوه-003.jpg","hotel-images/سيوه-003.jpg","","False","True","NO_STARS;NO_SOURCE;IMAGE_NOT_VERIFIED;ARABIC_NAME_MISMATCH"
"سيوة","Talist Siwa / Talist Sandiyya","Talist Siwa / Talist Sandiyya","3","hotel-images/سيوه-004.jpg","hotel-images/سيوه-004.jpg","","False","True","NO_SOURCE;IMAGE_NOT_VERIFIED;ARABIC_NAME_MISMATCH"
"سيوة","Moon Valley Siwa","Moon Valley Siwa",,"hotel-images/سيوه-005.jpg","hotel-images/سيوه-005.jpg","","False","True","NO_STARS;NO_SOURCE;IMAGE_NOT_VERIFIED;ARABIC_NAME_MISMATCH"
"سيوة","Neama Siwa","Neama Siwa","3","hotel-images/سيوه-006.jpg","hotel-images/سيوه-006.jpg","","False","True","NO_SOURCE;IMAGE_NOT_VERIFIED"
"سيوة","Siwa Oracle Hostel / Retreat Center","Siwa Oracle Hostel / Retreat Center",,"hotel-images/سيوه-007.jpg","hotel-images/سيوه-007.jpg","","False","True","NO_STARS;NO_SOURCE;IMAGE_NOT_VERIFIED"
"سيوة","Siwa Palace Lodge / Eco-Lodge","Siwa Palace Lodge / Eco-Lodge","5","hotel-images/سيوه-008.jpg","hotel-images/سيوه-008.jpg","","False","True","NO_SOURCE;IMAGE_NOT_VERIFIED"
"سيوة","Friendo's House & Hot Spring","Friendo's House & Hot Spring","4","","","","False","True","NO_IMAGE;NO_MEDIA_IMAGE;NO_SOURCE;IMAGE_NOT_VERIFIED;ARABIC_NAME_MISMATCH"
